dimension, 998, 701
Result (x y micro-second), 16, 256, 62800
Result (x y micro-second), 1, 256, 3592
Result (x y micro-second), 128, 16, 1546
Result (x y micro-second), 8, 16, 2166
Result (x y micro-second), 512, 4, 1749
Result (x y micro-second), 512, 32, 1921
Result (x y micro-second), 4, 64, 2582
Result (x y micro-second), 1, 512, 3430
Result (x y micro-second), 256, 512, 1492
Result (x y micro-second), 64, 16, 2056
Result (x y micro-second), 512, 4, 1541
Result (x y micro-second), 64, 128, 1727
Result (x y micro-second), 128, 32, 1722
Result (x y micro-second), 8, 64, 2503
Result (x y micro-second), 512, 64, 1533
Result (x y micro-second), 1, 8, 4301
Result (x y micro-second), 16, 4, 2224
Result (x y micro-second), 4, 16, 2536
Result (x y micro-second), 256, 128, 1968
Result (x y micro-second), 256, 512, 1802
Result (x y micro-second), 4, 512, 1533
Result (x y micro-second), 16, 16, 2102
Result (x y micro-second), 32, 64, 1476
Result (x y micro-second), 8, 16, 2127
Result (x y micro-second), 32, 2, 2111
Result (x y micro-second), 256, 16, 1668
Result (x y micro-second), 8, 16, 2451
Result (x y micro-second), 8, 8, 2444
Result (x y micro-second), 2, 256, 2697
Result (x y micro-second), 512, 2, 2115
Result (x y micro-second), 16, 512, 1477
Result (x y micro-second), 16, 2, 2334
Result (x y micro-second), 8, 256, 1769
Result (x y micro-second), 32, 2, 2263
Result (x y micro-second), 64, 32, 1725
Result (x y micro-second), 1, 256, 3483
Result (x y micro-second), 16, 16, 2109
Result (x y micro-second), 4, 4, 2818
Result (x y micro-second), 4, 128, 2387
Result (x y micro-second), 256, 128, 1960
Result (x y micro-second), 512, 256, 1719
Result (x y micro-second), 16, 4, 2158
Result (x y micro-second), 4, 128, 2337
Result (x y micro-second), 128, 64, 1489
Result (x y micro-second), 256, 64, 1479
Result (x y micro-second), 512, 4, 1504
Result (x y micro-second), 128, 8, 2238
Result (x y micro-second), 8, 1, 3839
Result (x y micro-second), 16, 1, 2881
Result (x y micro-second), 2, 1, 8052
Result (x y micro-second), 32, 2, 2628
Result (x y micro-second), 1, 4, 5873
Result (x y micro-second), 128, 16, 1562
Result (x y micro-second), 16, 512, 1488
Result (x y micro-second), 8, 4, 2580
Result (x y micro-second), 512, 4, 1762
Result (x y micro-second), 1, 8, 4538
Result (x y micro-second), 128, 16, 1619
Result (x y micro-second), 4, 16, 2344
Result (x y micro-second), 4, 1, 5033
Result (x y micro-second), 8, 2, 3151
Result (x y micro-second), 8, 1, 3612
Result (x y micro-second), 32, 256, 1532
Result (x y micro-second), 8, 512, 1521
Result (x y micro-second), 512, 16, 1463
Result (x y micro-second), 2, 16, 3030
Result (x y micro-second), 256, 8, 1973
Result (x y micro-second), 64, 128, 1757
Result (x y micro-second), 128, 4, 2116
Result (x y micro-second), 512, 1, 2062
Result (x y micro-second), 16, 256, 1481
Result (x y micro-second), 32, 64, 1485
Result (x y micro-second), 8, 16, 2136
Result (x y micro-second), 2, 32, 2776
Result (x y micro-second), 1, 8, 4808
Result (x y micro-second), 64, 8, 2202
Result (x y micro-second), 32, 2, 2113
Result (x y micro-second), 64, 4, 2011
Result (x y micro-second), 512, 512, 1499
Result (x y micro-second), 8, 256, 1767
Result (x y micro-second), 32, 64, 1859
Result (x y micro-second), 32, 32, 2245
Result (x y micro-second), 512, 8, 1513
Result (x y micro-second), 8, 256, 1494
Result (x y micro-second), 64, 4, 2042
Result (x y micro-second), 1, 4, 5686
Result (x y micro-second), 4, 128, 2663
Result (x y micro-second), 512, 32, 1743
Result (x y micro-second), 2, 4, 3917
Result (x y micro-second), 1, 16, 3834
Result (x y micro-second), 128, 256, 1553
Result (x y micro-second), 512, 16, 1731
Result (x y micro-second), 512, 128, 1964
Result (x y micro-second), 64, 2, 2138
Result (x y micro-second), 64, 2, 2037
Result (x y micro-second), 512, 16, 1461
Result (x y micro-second), 512, 64, 1491
Result (x y micro-second), 512, 256, 1468
Result (x y micro-second), 1, 4, 5722
Result (x y micro-second), 256, 64, 1927
Result (x y micro-second), 64, 2, 2132
Result (x y micro-second), 256, 1, 2049
Result (x y micro-second), 256, 512, 1481
Result (x y micro-second), 32, 4, 2040
Result (x y micro-second), 2, 256, 2770
Result (x y micro-second), 64, 512, 2006
Result (x y micro-second), 256, 128, 1696
Result (x y micro-second), 8, 1, 3432
Result (x y micro-second), 32, 4, 2009
Result (x y micro-second), 2, 8, 3092
Result (x y micro-second), 32, 4, 2097
Result (x y micro-second), 128, 32, 1913
Result (x y micro-second), 512, 128, 1727
Result (x y micro-second), 32, 512, 1575
Result (x y micro-second), 2, 16, 2840
Result (x y micro-second), 128, 1, 2022
Result (x y micro-second), 128, 128, 1467
Result (x y micro-second), 1, 32, 3682
Result (x y micro-second), 128, 256, 2019
Result (x y micro-second), 128, 256, 1719
Result (x y micro-second), 256, 32, 1504
Result (x y micro-second), 512, 256, 1491
Result (x y micro-second), 32, 32, 2026
Result (x y micro-second), 256, 1, 1996
Result (x y micro-second), 512, 512, 1487
Result (x y micro-second), 8, 16, 2238
Result (x y micro-second), 4, 8, 2632
Result (x y micro-second), 512, 8, 1735
Result (x y micro-second), 1, 128, 3444
Result (x y micro-second), 4, 8, 2488
Result (x y micro-second), 8, 2, 2711
Result (x y micro-second), 32, 1, 2540
Result (x y micro-second), 256, 256, 1951
Result (x y micro-second), 32, 32, 2200
Result (x y micro-second), 256, 32, 1523
Result (x y micro-second), 64, 64, 1498
Result (x y micro-second), 4, 128, 2307
Result (x y micro-second), 16, 128, 1494
Result (x y micro-second), 4, 32, 2489
Result (x y micro-second), 512, 2, 2434
Result (x y micro-second), 16, 8, 2337
Result (x y micro-second), 256, 256, 1535
Result (x y micro-second), 64, 128, 1628
Result (x y micro-second), 2, 256, 2685
Result (x y micro-second), 64, 32, 1476
Result (x y micro-second), 8, 512, 1518
Result (x y micro-second), 256, 2, 2277
Result (x y micro-second), 512, 128, 2043
Result (x y micro-second), 512, 32, 1683
Result (x y micro-second), 16, 128, 1510
Result (x y micro-second), 4, 4, 2837
Result (x y micro-second), 32, 16, 2041
Result (x y micro-second), 4, 2, 3770
Result (x y micro-second), 4, 16, 2582
Result (x y micro-second), 64, 8, 2254
Result (x y micro-second), 256, 8, 1524
Result (x y micro-second), 64, 64, 1499
Result (x y micro-second), 2, 16, 2838
Result (x y micro-second), 32, 32, 2030
Result (x y micro-second), 16, 4, 2230
Result (x y micro-second), 4, 1, 5157
Result (x y micro-second), 2, 2, 5479
Result (x y micro-second), 2, 2, 5622
Result (x y micro-second), 1, 1, 14552
Result (x y micro-second), 256, 64, 1836
Result (x y micro-second), 512, 1, 2150
Result (x y micro-second), 2, 16, 2836
Result (x y micro-second), 16, 8, 2058
Result (x y micro-second), 32, 256, 1482
Result (x y micro-second), 512, 16, 1545
Result (x y micro-second), 4, 128, 2803
Result (x y micro-second), 128, 1, 2310
Result (x y micro-second), 32, 256, 1543
Result (x y micro-second), 128, 2, 2056
Result (x y micro-second), 32, 8, 2005
Result (x y micro-second), 32, 1, 2326
Result (x y micro-second), 8, 64, 2521
Result (x y micro-second), 8, 64, 2460
Result (x y micro-second), 512, 32, 1736
Result (x y micro-second), 256, 128, 1555
Result (x y micro-second), 2, 128, 2649
Result (x y micro-second), 128, 16, 1459
Result (x y micro-second), 8, 16, 2165
Result (x y micro-second), 512, 2, 2185
Result (x y micro-second), 16, 512, 1714
Result (x y micro-second), 32, 64, 1928
Result (x y micro-second), 256, 4, 2215
Result (x y micro-second), 512, 16, 1494
Result (x y micro-second), 4, 64, 2291
Result (x y micro-second), 32, 1, 2256
Result (x y micro-second), 512, 1, 2062
Result (x y micro-second), 1, 32, 3804
Result (x y micro-second), 256, 8, 1806
Result (x y micro-second), 2, 256, 2766
Result (x y micro-second), 256, 1, 2116
Result (x y micro-second), 128, 2, 2031
Result (x y micro-second), 128, 128, 1491
Result (x y micro-second), 256, 8, 1601
Result (x y micro-second), 2, 128, 2860
Result (x y micro-second), 16, 32, 2347
Result (x y micro-second), 64, 512, 1569
Result (x y micro-second), 16, 32, 2080
Result (x y micro-second), 8, 8, 2141
Result (x y micro-second), 2, 32, 2675
Result (x y micro-second), 2, 64, 3088
Result (x y micro-second), 32, 4, 2306
Result (x y micro-second), 256, 128, 1588
Result (x y micro-second), 128, 256, 1501
Result (x y micro-second), 1, 512, 3366
Result (x y micro-second), 256, 1, 2022
Result (x y micro-second), 2, 64, 2793
Result (x y micro-second), 16, 1, 3249
Result (x y micro-second), 8, 16, 2365
Result (x y micro-second), 8, 64, 2196
Result (x y micro-second), 2, 128, 2629
Result (x y micro-second), 2, 1, 8049
Result (x y micro-second), 256, 128, 1810
Result (x y micro-second), 128, 2, 2006
Result (x y micro-second), 4, 256, 2448
Result (x y micro-second), 128, 8, 2101
Result (x y micro-second), 16, 16, 2156
Result (x y micro-second), 64, 16, 2515
Result (x y micro-second), 4, 32, 2524
Result (x y micro-second), 16, 16, 2088
Result (x y micro-second), 64, 8, 2031
Result (x y micro-second), 128, 128, 1495
Result (x y micro-second), 2, 2, 5476
Result (x y micro-second), 1, 16, 4108
Result (x y micro-second), 32, 8, 2095
Result (x y micro-second), 1, 256, 3393
Result (x y micro-second), 8, 8, 2210
Result (x y micro-second), 256, 2, 2474
Result (x y micro-second), 2, 32, 2943
Result (x y micro-second), 32, 32, 2189
Result (x y micro-second), 8, 16, 2134
Result (x y micro-second), 512, 512, 1468
Result (x y micro-second), 256, 128, 1485
Result (x y micro-second), 32, 4, 2043
Result (x y micro-second), 16, 1, 2878
Result (x y micro-second), 512, 2, 2407
Result (x y micro-second), 32, 64, 1533
Result (x y micro-second), 1, 64, 3445
Result (x y micro-second), 512, 1, 2090
Result (x y micro-second), 4, 64, 2498
Result (x y micro-second), 16, 4, 2500
Result (x y micro-second), 16, 512, 1766
Result (x y micro-second), 128, 32, 1536
Result (x y micro-second), 4, 256, 2413
Result (x y micro-second), 4, 128, 2339
Result (x y micro-second), 64, 64, 1525
Result (x y micro-second), 2, 32, 2894
Result (x y micro-second), 128, 4, 2418
Result (x y micro-second), 16, 32, 2339
Result (x y micro-second), 64, 1, 2140
Result (x y micro-second), 128, 32, 1465
Result (x y micro-second), 2, 4, 3766
Result (x y micro-second), 2, 16, 2974
Result (x y micro-second), 1, 4, 5896
Result (x y micro-second), 16, 4, 2353
Result (x y micro-second), 256, 1, 2101
Result (x y micro-second), 16, 32, 2087
Result (x y micro-second), 512, 8, 1712
Result (x y micro-second), 1, 16, 3990
Result (x y micro-second), 16, 4, 2365
Result (x y micro-second), 2, 1, 8248
Result (x y micro-second), 1, 32, 3918
Result (x y micro-second), 128, 1, 2276
Result (x y micro-second), 512, 2, 2176
Result (x y micro-second), 32, 32, 2074
Result (x y micro-second), 8, 4, 2464
Result (x y micro-second), 8, 32, 2380
Result (x y micro-second), 16, 64, 2452
Result (x y micro-second), 2, 16, 3144
Result (x y micro-second), 512, 32, 1622
Result (x y micro-second), 64, 512, 1577
Result (x y micro-second), 256, 4, 2235
Result (x y micro-second), 16, 512, 1564
Result (x y micro-second), 32, 64, 1775
Result (x y micro-second), 8, 512, 1737
Result (x y micro-second), 512, 128, 1979
Result (x y micro-second), 512, 2, 2260
Result (x y micro-second), 16, 256, 1504
Result (x y micro-second), 2, 8, 3144
Result (x y micro-second), 2, 64, 2654
Result (x y micro-second), 1, 32, 3932
Result (x y micro-second), 256, 32, 1835
Result (x y micro-second), 4, 16, 2444
Result (x y micro-second), 4, 8, 2568
Result (x y micro-second), 1, 2, 8560
Result (x y micro-second), 256, 256, 1824
Result (x y micro-second), 1, 256, 3444
Result (x y micro-second), 4, 128, 2330
Result (x y micro-second), 256, 1, 2102
Result (x y micro-second), 8, 8, 2374
Result (x y micro-second), 512, 16, 1965
Result (x y micro-second), 1, 2, 8736
Result (x y micro-second), 64, 16, 2123
Result (x y micro-second), 2, 512, 2893
Result (x y micro-second), 512, 8, 1942
Result (x y micro-second), 256, 4, 2216
Result (x y micro-second), 256, 256, 1483
Result (x y micro-second), 128, 1, 2078
Result (x y micro-second), 8, 512, 1482
Result (x y micro-second), 8, 32, 2161
Result (x y micro-second), 4, 8, 2591
Result (x y micro-second), 16, 32, 2556
Result (x y micro-second), 4, 64, 2507
Result (x y micro-second), 16, 4, 2190
Result (x y micro-second), 256, 128, 1516
Result (x y micro-second), 32, 1, 2273
Result (x y micro-second), 4, 64, 2393
Result (x y micro-second), 8, 1, 3675
Result (x y micro-second), 4, 16, 2580
Result (x y micro-second), 2, 16, 2923
Result (x y micro-second), 128, 512, 1469
Result (x y micro-second), 256, 32, 1479
Result (x y micro-second), 256, 32, 1503
Result (x y micro-second), 32, 8, 2122
Result (x y micro-second), 128, 256, 1944
Result (x y micro-second), 256, 2, 2385
Result (x y micro-second), 16, 16, 2141
Result (x y micro-second), 256, 64, 1516
Result (x y micro-second), 8, 4, 2287
Result (x y micro-second), 256, 2, 2092
Result (x y micro-second), 1, 32, 3823
Result (x y micro-second), 2, 16, 3201
Result (x y micro-second), 8, 16, 2229
Result (x y micro-second), 64, 64, 1502
Result (x y micro-second), 512, 512, 1498
Result (x y micro-second), 4, 64, 2334
Result (x y micro-second), 512, 1, 2136
Result (x y micro-second), 16, 512, 1920
Result (x y micro-second), 128, 512, 1772
Result (x y micro-second), 16, 16, 2123
Result (x y micro-second), 1, 4, 5607
Result (x y micro-second), 256, 16, 1572
Result (x y micro-second), 512, 64, 1726
Result (x y micro-second), 4, 4, 3071
Result (x y micro-second), 512, 4, 1714
Result (x y micro-second), 32, 2, 2159
Result (x y micro-second), 128, 128, 1696
Result (x y micro-second), 128, 2, 2029
Result (x y micro-second), 8, 32, 2152
Result (x y micro-second), 512, 4, 1620
Result (x y micro-second), 16, 8, 2500
Result (x y micro-second), 2, 32, 3045
Result (x y micro-second), 8, 32, 2306
Result (x y micro-second), 16, 4, 2174
Result (x y micro-second), 64, 256, 1468
Result (x y micro-second), 512, 256, 1490
Result (x y micro-second), 8, 128, 2410
Result (x y micro-second), 4, 16, 2559
Result (x y micro-second), 32, 64, 1752
Result (x y micro-second), 256, 16, 1531
Result (x y micro-second), 1, 8, 4299
Result (x y micro-second), 128, 256, 1495
Result (x y micro-second), 4, 64, 2468
Result (x y micro-second), 2, 256, 2887
Result (x y micro-second), 8, 4, 2616
Result (x y micro-second), 1, 256, 3422
Result (x y micro-second), 32, 8, 2033
Result (x y micro-second), 32, 1, 2321
Result (x y micro-second), 1, 1, 14211
Result (x y micro-second), 4, 128, 2717
Result (x y micro-second), 1, 8, 4787
Result (x y micro-second), 32, 32, 2270
Result (x y micro-second), 1, 1, 14093
Result (x y micro-second), 512, 64, 1849
Result (x y micro-second), 256, 128, 1583
Result (x y micro-second), 4, 512, 1535
Result (x y micro-second), 8, 4, 2465
Result (x y micro-second), 512, 128, 1910
Result (x y micro-second), 1, 1, 14525
Result (x y micro-second), 32, 16, 2358
Result (x y micro-second), 16, 256, 1571
Result (x y micro-second), 16, 512, 1494
Result (x y micro-second), 8, 512, 1493
Result (x y micro-second), 2, 16, 2823
Result (x y micro-second), 512, 32, 1516
Result (x y micro-second), 8, 4, 2471
Result (x y micro-second), 512, 1, 2687
Result (x y micro-second), 128, 2, 2278
Result (x y micro-second), 4, 512, 1493
Result (x y micro-second), 128, 2, 2059
Result (x y micro-second), 256, 4, 2091
Result (x y micro-second), 4, 8, 2529
Result (x y micro-second), 64, 2, 2400
Result (x y micro-second), 2, 64, 3012
Result (x y micro-second), 8, 64, 2221
Result (x y micro-second), 1, 512, 3428
Result (x y micro-second), 64, 16, 1996
Result (x y micro-second), 1, 1, 14175
Result (x y micro-second), 16, 2, 2685
Result (x y micro-second), 16, 32, 2353
Result (x y micro-second), 256, 128, 1757
Result (x y micro-second), 512, 128, 1531
Result (x y micro-second), 512, 128, 1508
Result (x y micro-second), 2, 4, 3775
Result (x y micro-second), 256, 1, 2004
Result (x y micro-second), 32, 64, 1647
Result (x y micro-second), 4, 512, 1764
Result (x y micro-second), 1, 256, 3704
Result (x y micro-second), 1, 8, 4359
Result (x y micro-second), 128, 32, 1532
Result (x y micro-second), 512, 128, 1525
Result (x y micro-second), 16, 64, 2199
Result (x y micro-second), 16, 64, 2315
Result (x y micro-second), 64, 256, 1739
Result (x y micro-second), 128, 4, 2093
Result (x y micro-second), 32, 32, 2213
Result (x y micro-second), 2, 32, 3075
Result (x y micro-second), 32, 1, 2519
Result (x y micro-second), 16, 64, 2568
Result (x y micro-second), 16, 4, 2397
Result (x y micro-second), 64, 2, 2048
Result (x y micro-second), 1, 2, 8504
Result (x y micro-second), 1, 4, 6046
Result (x y micro-second), 2, 4, 4012
Result (x y micro-second), 32, 256, 1606
Result (x y micro-second), 512, 128, 1544
Result (x y micro-second), 256, 32, 1848
Result (x y micro-second), 32, 4, 2398
Result (x y micro-second), 2, 8, 3334
Result (x y micro-second), 4, 256, 2485
Result (x y micro-second), 32, 128, 1529
Result (x y micro-second), 64, 256, 1475
Result (x y micro-second), 16, 8, 2094
Result (x y micro-second), 1, 256, 3718
Result (x y micro-second), 512, 32, 1750
Result (x y micro-second), 4, 128, 2372
Result (x y micro-second), 256, 32, 1474
Result (x y micro-second), 1, 512, 3478
Result (x y micro-second), 512, 4, 1678
Result (x y micro-second), 2, 32, 2807
Result (x y micro-second), 1, 2, 8343
Result (x y micro-second), 16, 1, 2428
Result (x y micro-second), 64, 512, 1543
Result (x y micro-second), 4, 256, 2472
Result (x y micro-second), 4, 16, 2218
Result (x y micro-second), 256, 512, 1583
Result (x y micro-second), 16, 64, 1830
Result (x y micro-second), 128, 1, 1664
Result (x y micro-second), 512, 512, 1505
Result (x y micro-second), 2, 1, 7719
Result (x y micro-second), 64, 8, 2040
Result (x y micro-second), 1, 32, 3338
Result (x y micro-second), 1, 1, 13821
Result (x y micro-second), 64, 1, 2060
Result (x y micro-second), 4, 128, 2169
Result (x y micro-second), 128, 32, 1807
Result (x y micro-second), 1, 2, 8474
Result (x y micro-second), 32, 512, 1787
Result (x y micro-second), 1, 1, 13825
Result (x y micro-second), 512, 16, 1872
Result (x y micro-second), 64, 512, 1701
Result (x y micro-second), 32, 1, 2295
Result (x y micro-second), 64, 16, 2215
Result (x y micro-second), 2, 128, 2451
Result (x y micro-second), 8, 4, 2028
Result (x y micro-second), 256, 1, 1691
Result (x y micro-second), 128, 256, 1476
Result (x y micro-second), 128, 1, 1681
Result (x y micro-second), 1, 8, 4172
Result (x y micro-second), 1, 32, 3623
Result (x y micro-second), 4, 128, 2144
Result (x y micro-second), 4, 32, 2000
Result (x y micro-second), 1, 512, 3070
Result (x y micro-second), 64, 1, 1946
Result (x y micro-second), 512, 32, 1754
Result (x y micro-second), 64, 64, 1831
Result (x y micro-second), 64, 2, 1762
Result (x y micro-second), 256, 16, 1499
Result (x y micro-second), 32, 2, 1755
Result (x y micro-second), 4, 256, 2048
Result (x y micro-second), 32, 4, 1746
Result (x y micro-second), 1, 32, 3419
Result (x y micro-second), 4, 128, 2513
Result (x y micro-second), 32, 4, 1856
Result (x y micro-second), 1, 128, 3069
Result (x y micro-second), 128, 32, 1482
Result (x y micro-second), 64, 512, 1486
Result (x y micro-second), 1, 64, 3220
Result (x y micro-second), 2, 64, 2603
Result (x y micro-second), 256, 1, 2019
Result (x y micro-second), 8, 16, 1914
Result (x y micro-second), 256, 512, 1527
Result (x y micro-second), 128, 128, 1524
Result (x y micro-second), 16, 4, 1807
Result (x y micro-second), 1, 256, 3172
Result (x y micro-second), 4, 64, 2419
Result (x y micro-second), 1, 32, 3529
Result (x y micro-second), 2, 4, 3475
Result (x y micro-second), 4, 64, 2065
Result (x y micro-second), 16, 32, 1802
Result (x y micro-second), 8, 16, 1988
Result (x y micro-second), 1, 2, 8297
Result (x y micro-second), 32, 1, 2202
Result (x y micro-second), 128, 64, 1532
Result (x y micro-second), 256, 32, 1623
Result (x y micro-second), 512, 2, 2260
Result (x y micro-second), 2, 128, 2899
Result (x y micro-second), 1, 256, 3216
Result (x y micro-second), 64, 64, 1510
Result (x y micro-second), 4, 128, 1994
Result (x y micro-second), 16, 64, 1753
Result (x y micro-second), 32, 16, 1760
Result (x y micro-second), 2, 64, 2792
Result (x y micro-second), 64, 16, 1998
Result (x y micro-second), 16, 8, 1757
Result (x y micro-second), 2, 512, 2448
Result (x y micro-second), 512, 2, 1928
Result (x y micro-second), 1, 16, 3460
Result (x y micro-second), 8, 128, 2225
Result (x y micro-second), 8, 2, 2862
Result (x y micro-second), 16, 4, 1905
Result (x y micro-second), 4, 128, 2004
Result (x y micro-second), 2, 16, 2484
Result (x y micro-second), 32, 256, 1482
Result (x y micro-second), 2, 512, 2579
Result (x y micro-second), 128, 32, 1808
Result (x y micro-second), 32, 4, 2158
Result (x y micro-second), 1, 128, 3168
Result (x y micro-second), 1, 256, 3031
Result (x y micro-second), 8, 16, 1785
Result (x y micro-second), 8, 16, 1781
Result (x y micro-second), 8, 4, 2087
Result (x y micro-second), 32, 8, 1970
Result (x y micro-second), 512, 1, 2054
Result (x y micro-second), 4, 4, 2534
Result (x y micro-second), 2, 256, 2418
Result (x y micro-second), 64, 32, 1475
Result (x y micro-second), 32, 128, 1500
Result (x y micro-second), 512, 4, 1548
Result (x y micro-second), 128, 1, 1908
Result (x y micro-second), 2, 64, 2731
Result (x y micro-second), 256, 256, 1613
Result (x y micro-second), 1, 1, 13821
Result (x y micro-second), 32, 1, 2267
Result (x y micro-second), 256, 256, 1514
Result (x y micro-second), 16, 16, 1722
Result (x y micro-second), 4, 512, 1467
Result (x y micro-second), 64, 512, 1487
Result (x y micro-second), 16, 32, 2063
Result (x y micro-second), 512, 256, 1900
Result (x y micro-second), 512, 4, 1819
Result (x y micro-second), 64, 128, 1538
Result (x y micro-second), 128, 8, 1718
Result (x y micro-second), 128, 512, 1472
Result (x y micro-second), 32, 64, 1471
Result (x y micro-second), 512, 256, 1465
Result (x y micro-second), 8, 512, 1519
Result (x y micro-second), 512, 8, 1643
Result (x y micro-second), 512, 16, 1720
Result (x y micro-second), 64, 1, 2058
Result (x y micro-second), 32, 4, 1756
Result (x y micro-second), 16, 512, 1474
Result (x y micro-second), 4, 1, 4596
Result (x y micro-second), 2, 256, 2383
Result (x y micro-second), 256, 4, 2086
Result (x y micro-second), 128, 512, 1960
Result (x y micro-second), 32, 32, 1888
Result (x y micro-second), 128, 16, 1495
Result (x y micro-second), 512, 16, 1479
Result (x y micro-second), 8, 64, 1817
Result (x y micro-second), 1, 32, 3272
Result (x y micro-second), 128, 32, 1706
Result (x y micro-second), 16, 64, 2168
Result (x y micro-second), 2, 64, 2631
Result (x y micro-second), 4, 128, 2097
Result (x y micro-second), 64, 512, 1460
Result (x y micro-second), 512, 1, 1725
Result (x y micro-second), 512, 8, 1482
Result (x y micro-second), 1, 4, 5497
Result (x y micro-second), 4, 1, 4928
Result (x y micro-second), 16, 512, 1542
Result (x y micro-second), 1, 2, 8137
Result (x y micro-second), 16, 128, 1843
Result (x y micro-second), 256, 8, 1561
Result (x y micro-second), 2, 8, 2741
Result (x y micro-second), 4, 8, 2161
Result (x y micro-second), 256, 512, 1493
Result (x y micro-second), 512, 32, 1534
Result (x y micro-second), 128, 1, 1978
Result (x y micro-second), 2, 512, 2899
Result (x y micro-second), 512, 128, 1672
Result (x y micro-second), 512, 256, 1504
Result (x y micro-second), 128, 1, 1662
Result (x y micro-second), 4, 512, 1462
Result (x y micro-second), 4, 64, 2013
Result (x y micro-second), 1, 256, 3103
Result (x y micro-second), 32, 1, 2227
Result (x y micro-second), 4, 2, 3469
Result (x y micro-second), 512, 1, 1748
Result (x y micro-second), 128, 4, 1686
Result (x y micro-second), 8, 512, 1478
Result (x y micro-second), 32, 16, 1668
Result (x y micro-second), 1, 64, 3157
Result (x y micro-second), 512, 128, 1962
Result (x y micro-second), 256, 4, 1849
Result (x y micro-second), 64, 128, 1486
Result (x y micro-second), 512, 128, 1474
Result (x y micro-second), 256, 256, 1586
Result (x y micro-second), 512, 4, 1471
Result (x y micro-second), 128, 8, 1693
Result (x y micro-second), 256, 128, 1670
Result (x y micro-second), 4, 32, 2414
Result (x y micro-second), 512, 64, 1757
Result (x y micro-second), 64, 256, 1574
Result (x y micro-second), 64, 8, 1690
Result (x y micro-second), 1, 2, 8094
Result (x y micro-second), 16, 256, 1960
Result (x y micro-second), 32, 16, 1961
Result (x y micro-second), 64, 64, 1509
Result (x y micro-second), 2, 32, 2306
Result (x y micro-second), 256, 1, 1671
Result (x y micro-second), 16, 128, 1476
Result (x y micro-second), 128, 4, 1673
Result (x y micro-second), 128, 128, 1666
Result (x y micro-second), 64, 32, 1682
Result (x y micro-second), 1, 64, 3535
Result (x y micro-second), 16, 16, 1783
Result (x y micro-second), 2, 64, 2268
Result (x y micro-second), 1, 1, 13907
Result (x y micro-second), 64, 256, 1799
Result (x y micro-second), 32, 512, 1597
Result (x y micro-second), 1, 1, 13855
Result (x y micro-second), 128, 32, 1779
Result (x y micro-second), 16, 8, 1810
Result (x y micro-second), 4, 64, 2226
Result (x y micro-second), 1, 4, 5727
Result (x y micro-second), 256, 32, 1702
Result (x y micro-second), 4, 32, 1996
Result (x y micro-second), 512, 512, 1496
Result (x y micro-second), 16, 256, 1499
Result (x y micro-second), 64, 128, 1726
Result (x y micro-second), 16, 8, 2041
Result (x y micro-second), 8, 256, 1821
Result (x y micro-second), 512, 64, 1577
Result (x y micro-second), 1, 32, 3262
Result (x y micro-second), 16, 32, 1757
Result (x y micro-second), 64, 16, 1732
Result (x y micro-second), 32, 8, 1684
Result (x y micro-second), 4, 1, 4892
Result (x y micro-second), 512, 64, 1849
Result (x y micro-second), 256, 2, 1842
Result (x y micro-second), 1, 64, 3089
Result (x y micro-second), 256, 4, 1724
Result (x y micro-second), 8, 1, 3176
Result (x y micro-second), 4, 1, 5125
Result (x y micro-second), 256, 1, 1908
Result (x y micro-second), 128, 16, 1522
Result (x y micro-second), 8, 1, 3116
Result (x y micro-second), 16, 4, 1809
Result (x y micro-second), 256, 16, 1696
Result (x y micro-second), 1, 8, 4428
Result (x y micro-second), 1, 64, 3219
Result (x y micro-second), 512, 32, 1505
Result (x y micro-second), 4, 8, 2184
Result (x y micro-second), 128, 8, 1724
Result (x y micro-second), 2, 128, 2675
Result (x y micro-second), 64, 4, 1987
Result (x y micro-second), 32, 32, 1782
Result (x y micro-second), 16, 512, 1527
Result (x y micro-second), 32, 256, 1466
Result (x y micro-second), 512, 32, 1458
Result (x y micro-second), 512, 256, 1511
Result (x y micro-second), 2, 4, 3491
Result (x y micro-second), 1, 64, 3319
Result (x y micro-second), 128, 512, 1749
Result (x y micro-second), 1, 128, 3078
Result (x y micro-second), 4, 1, 4614
Result (x y micro-second), 32, 8, 1843
Result (x y micro-second), 256, 512, 1927
Result (x y micro-second), 128, 128, 1737
Result (x y micro-second), 16, 1, 2372
Result (x y micro-second), 32, 2, 1725
Result (x y micro-second), 4, 1, 4656
Result (x y micro-second), 256, 128, 1539
Result (x y micro-second), 2, 32, 2861
Result (x y micro-second), 128, 4, 1977
Result (x y micro-second), 1, 64, 3159
Result (x y micro-second), 1, 2, 8111
Result (x y micro-second), 512, 2, 2270
Result (x y micro-second), 128, 64, 1698
Result (x y micro-second), 1, 1, 13823
Result (x y micro-second), 32, 16, 2018
Result (x y micro-second), 1, 4, 5333
Result (x y micro-second), 512, 1, 1802
Result (x y micro-second), 16, 256, 1682
Result (x y micro-second), 256, 256, 1781
Result (x y micro-second), 512, 32, 1797
Result (x y micro-second), 512, 8, 1565
Result (x y micro-second), 32, 512, 1504
Result (x y micro-second), 1, 512, 3037
Result (x y micro-second), 16, 1, 2305
Result (x y micro-second), 2, 16, 2772
Result (x y micro-second), 64, 4, 2023
Result (x y micro-second), 256, 32, 1779
Result (x y micro-second), 32, 128, 1551
Result (x y micro-second), 8, 128, 1879
Result (x y micro-second), 128, 1, 1670
Result (x y micro-second), 8, 1, 3077
Result (x y micro-second), 8, 4, 2079
Result (x y micro-second), 1, 512, 3464
Result (x y micro-second), 2, 256, 2579
Result (x y micro-second), 128, 4, 1710
Result (x y micro-second), 32, 512, 1460
Result (x y micro-second), 32, 2, 1735
Result (x y micro-second), 256, 256, 1484
Result (x y micro-second), 4, 8, 2158
Result (x y micro-second), 256, 8, 1775
Result (x y micro-second), 512, 16, 1880
Result (x y micro-second), 128, 512, 1740
Result (x y micro-second), 4, 4, 2531
Result (x y micro-second), 128, 128, 1471
Result (x y micro-second), 512, 16, 1487
Result (x y micro-second), 256, 4, 1726
Result (x y micro-second), 16, 8, 1698
Result (x y micro-second), 128, 128, 1702
Result (x y micro-second), 4, 1, 4835
Result (x y micro-second), 128, 2, 1925
Result (x y micro-second), 4, 8, 2231
Result (x y micro-second), 1, 128, 3032
Result (x y micro-second), 64, 2, 1709
Result (x y micro-second), 128, 256, 1767
Result (x y micro-second), 64, 32, 2001
Result (x y micro-second), 2, 128, 2556
Result (x y micro-second), 4, 512, 1524
Result (x y micro-second), 128, 64, 1484
Result (x y micro-second), 8, 16, 1788
Result (x y micro-second), 8, 8, 1787
Result (x y micro-second), 1, 8, 3978
Result (x y micro-second), 128, 128, 1960
Result (x y micro-second), 64, 16, 1930
Result (x y micro-second), 16, 1, 2343
Result (x y micro-second), 16, 8, 1678
Result (x y micro-second), 4, 256, 2078
Result (x y micro-second), 64, 16, 1693
Result (x y micro-second), 256, 4, 1778
Result (x y micro-second), 32, 32, 2010
Result (x y micro-second), 1, 8, 4403
Result (x y micro-second), 8, 16, 1947
Result (x y micro-second), 2, 128, 2330
Result (x y micro-second), 32, 256, 1536
Result (x y micro-second), 8, 256, 1540
Result (x y micro-second), 16, 64, 1874
Result (x y micro-second), 8, 64, 2094
Result (x y micro-second), 1, 2, 8338
Result (x y micro-second), 32, 256, 1593
Result (x y micro-second), 128, 2, 1727
Result (x y micro-second), 512, 16, 1669
Result (x y micro-second), 32, 8, 2087
Result (x y micro-second), 4, 2, 3508
Result (x y micro-second), 128, 4, 1748
Result (x y micro-second), 64, 32, 1499
Result (x y micro-second), 256, 256, 1477
Result (x y micro-second), 256, 8, 1460
Result (x y micro-second), 16, 2, 1984
Result (x y micro-second), 1, 512, 3446
Result (x y micro-second), 512, 8, 1756
Result (x y micro-second), 1, 32, 3373
Result (x y micro-second), 2, 8, 2747
Result (x y micro-second), 16, 2, 1955
Result (x y micro-second), 64, 512, 1611
Result (x y micro-second), 1, 64, 3439
Result (x y micro-second), 2, 2, 5193
Result (x y micro-second), 1, 256, 3124
Result (x y micro-second), 16, 16, 1747
Result (x y micro-second), 2, 8, 2795
Result (x y micro-second), 128, 128, 1945
Result (x y micro-second), 256, 128, 1708
Result (x y micro-second), 256, 512, 1526
Result (x y micro-second), 4, 4, 2484
Result (x y micro-second), 1, 4, 5291
Result (x y micro-second), 16, 4, 2040
Result (x y micro-second), 128, 16, 1934
Result (x y micro-second), 128, 256, 1705
Result (x y micro-second), 512, 8, 1543
Result (x y micro-second), 1, 64, 3075
Result (x y micro-second), 8, 4, 1997
Result (x y micro-second), 16, 64, 1842
Result (x y micro-second), 32, 64, 1506
Result (x y micro-second), 16, 512, 1680
Result (x y micro-second), 4, 32, 2468
Result (x y micro-second), 4, 512, 1647
Result (x y micro-second), 32, 8, 1670
Result (x y micro-second), 256, 32, 1476
Result (x y micro-second), 4, 1, 4615
Result (x y micro-second), 512, 4, 1539
Result (x y micro-second), 16, 8, 1912
Result (x y micro-second), 16, 2, 2348
Result (x y micro-second), 512, 16, 1577
Result (x y micro-second), 1, 512, 3078
Result (x y micro-second), 128, 4, 1697
Result (x y micro-second), 128, 4, 1688
Result (x y micro-second), 64, 2, 1701
Result (x y micro-second), 256, 2, 1900
Result (x y micro-second), 128, 16, 1896
Result (x y micro-second), 4, 512, 1755
Result (x y micro-second), 4, 16, 2040
Result (x y micro-second), 2, 128, 2299
Result (x y micro-second), 512, 2, 1743
Result (x y micro-second), 16, 2, 1932
Result (x y micro-second), 16, 8, 1722
Result (x y micro-second), 16, 256, 1773
Result (x y micro-second), 128, 256, 1873
Result (x y micro-second), 1, 64, 3361
Result (x y micro-second), 16, 4, 1832
Result (x y micro-second), 128, 4, 1706
Result (x y micro-second), 64, 16, 1690
Result (x y micro-second), 16, 4, 1777
Result (x y micro-second), 32, 8, 1756
Result (x y micro-second), 32, 16, 1908
Result (x y micro-second), 512, 128, 1898
Result (x y micro-second), 16, 2, 2056
Result (x y micro-second), 8, 128, 1867
Result (x y micro-second), 256, 8, 1454
Result (x y micro-second), 256, 16, 1517
Result (x y micro-second), 16, 4, 1781
Result (x y micro-second), 256, 1, 1702
Result (x y micro-second), 8, 128, 2164
Result (x y micro-second), 2, 32, 2799
Result (x y micro-second), 8, 32, 1976
Result (x y micro-second), 128, 2, 1717
Result (x y micro-second), 128, 8, 1747
Result (x y micro-second), 128, 16, 1499
Result (x y micro-second), 128, 8, 1837
Result (x y micro-second), 512, 4, 1543
Result (x y micro-second), 128, 256, 1864
Result (x y micro-second), 512, 8, 1897
Result (x y micro-second), 1, 16, 3654
Result (x y micro-second), 4, 1, 4632
Result (x y micro-second), 128, 2, 1691
Result (x y micro-second), 32, 16, 1759
Result (x y micro-second), 32, 8, 1899
Result (x y micro-second), 64, 1, 2171
Result (x y micro-second), 4, 128, 2106
Result (x y micro-second), 32, 32, 1717
Result (x y micro-second), 32, 4, 1662
Result (x y micro-second), 256, 4, 1711
Result (x y micro-second), 128, 64, 1488
Result (x y micro-second), 256, 16, 1492
Result (x y micro-second), 2, 128, 2583
Result (x y micro-second), 256, 1, 2184
Result (x y micro-second), 64, 512, 1634
Result (x y micro-second), 64, 64, 1509
Result (x y micro-second), 16, 256, 1458
Result (x y micro-second), 256, 8, 1461
Result (x y micro-second), 2, 8, 2760
Result (x y micro-second), 128, 512, 1503
Result (x y micro-second), 256, 16, 1750
Result (x y micro-second), 512, 1, 1965
Result (x y micro-second), 8, 32, 2051
Result (x y micro-second), 256, 256, 1505
Result (x y micro-second), 128, 256, 1495
Result (x y micro-second), 8, 128, 1877
Result (x y micro-second), 64, 2, 1656
Result (x y micro-second), 8, 128, 1949
Result (x y micro-second), 512, 4, 1701
Result (x y micro-second), 256, 128, 1694
Result (x y micro-second), 2, 16, 2860
Result (x y micro-second), 32, 128, 1571
Result (x y micro-second), 16, 8, 1725
Result (x y micro-second), 2, 64, 2334
Result (x y micro-second), 512, 256, 1484
Result (x y micro-second), 32, 128, 1518
Result (x y micro-second), 16, 16, 1872
Result (x y micro-second), 1, 1, 13938
Result (x y micro-second), 512, 1, 2067
Result (x y micro-second), 256, 512, 1866
Result (x y micro-second), 256, 2, 1862
Result (x y micro-second), 64, 32, 1545
Result (x y micro-second), 32, 2, 1739
Result (x y micro-second), 16, 16, 1753
Result (x y micro-second), 8, 4, 2061
Result (x y micro-second), 8, 128, 2040
Result (x y micro-second), 256, 256, 1706
Result (x y micro-second), 16, 32, 2191
Result (x y micro-second), 2, 32, 2408
Result (x y micro-second), 2, 1, 7634
Result (x y micro-second), 64, 64, 1806
Result (x y micro-second), 1, 4, 5498
Result (x y micro-second), 4, 4, 2741
Result (x y micro-second), 4, 16, 2014
Result (x y micro-second), 4, 2, 3271
Result (x y micro-second), 32, 1, 2303
Result (x y micro-second), 16, 8, 2036
Result (x y micro-second), 128, 512, 1517
Result (x y micro-second), 16, 4, 1782
Result (x y micro-second), 32, 256, 1473
Result (x y micro-second), 64, 1, 1719
Result (x y micro-second), 32, 32, 1700
Result (x y micro-second), 256, 2, 1724
Result (x y micro-second), 1, 4, 5606
Result (x y micro-second), 128, 8, 2012
Result (x y micro-second), 16, 32, 1806
Result (x y micro-second), 2, 64, 2283
Result (x y micro-second), 128, 8, 1775
Result (x y micro-second), 256, 1, 1793
Result (x y micro-second), 512, 1, 1968
Result (x y micro-second), 8, 16, 2119
Result (x y micro-second), 8, 512, 1541
Result (x y micro-second), 128, 1, 1680
Result (x y micro-second), 2, 4, 3418
Result (x y micro-second), 4, 64, 1974
Result (x y micro-second), 1, 512, 3101
Result (x y micro-second), 512, 128, 2004
Result (x y micro-second), 64, 128, 1734
Result (x y micro-second), 256, 256, 1548
Result (x y micro-second), 512, 128, 1463
Result (x y micro-second), 2, 64, 2291
Result (x y micro-second), 4, 4, 2517
Result (x y micro-second), 4, 1, 4743
Result (x y micro-second), 128, 2, 2024
Result (x y micro-second), 4, 128, 2043
Result (x y micro-second), 8, 128, 1880
Result (x y micro-second), 2, 64, 2280
Result (x y micro-second), 64, 2, 1709
Result (x y micro-second), 512, 128, 1495
Result (x y micro-second), 8, 2, 2787
Result (x y micro-second), 64, 32, 1771
Result (x y micro-second), 4, 32, 2058
Result (x y micro-second), 16, 256, 1477
Result (x y micro-second), 16, 16, 1699
Result (x y micro-second), 64, 64, 1448
Result (x y micro-second), 4, 512, 1458
Result (x y micro-second), 4, 64, 1996
Result (x y micro-second), 8, 64, 2131
Result (x y micro-second), 64, 2, 2244
Result (x y micro-second), 512, 1, 1905
Result (x y micro-second), 1, 8, 3942
Result (x y micro-second), 512, 8, 1483
Result (x y micro-second), 2, 64, 2331
Result (x y micro-second), 16, 4, 1921
Result (x y micro-second), 32, 128, 1688
Result (x y micro-second), 16, 8, 2213
Result (x y micro-second), 16, 64, 1917
Result (x y micro-second), 256, 256, 1494
Result (x y micro-second), 128, 32, 1463
Result (x y micro-second), 8, 32, 1790
Result (x y micro-second), 2, 32, 2351
Result (x y micro-second), 32, 8, 1715
Result (x y micro-second), 2, 256, 2795
Result (x y micro-second), 2, 1, 7899
Result (x y micro-second), 2, 2, 5030
Result (x y micro-second), 4, 2, 3573
Result (x y micro-second), 64, 4, 1981
Result (x y micro-second), 32, 128, 1532
Result (x y micro-second), 1, 2, 8142
Result (x y micro-second), 1, 32, 3797
Result (x y micro-second), 2, 64, 2614
Result (x y micro-second), 512, 32, 1510
Result (x y micro-second), 16, 512, 1513
Result (x y micro-second), 16, 2, 1966
Result (x y micro-second), 16, 128, 1500
Result (x y micro-second), 128, 32, 1748
Result (x y micro-second), 16, 16, 2146
Result (x y micro-second), 1, 128, 3241
Result (x y micro-second), 4, 4, 2500
Result (x y micro-second), 512, 16, 1467
Result (x y micro-second), 32, 16, 1686
Result (x y micro-second), 128, 2, 1723
Result (x y micro-second), 64, 16, 1863
Result (x y micro-second), 1, 64, 3375
Result (x y micro-second), 64, 1, 1989
Result (x y micro-second), 8, 128, 1914
Result (x y micro-second), 256, 16, 1532
Result (x y micro-second), 4, 8, 2146
Result (x y micro-second), 16, 256, 1497
Result (x y micro-second), 64, 1, 1909
Result (x y micro-second), 128, 32, 1706
Result (x y micro-second), 256, 8, 1781
Result (x y micro-second), 2, 1, 7701
Result (x y micro-second), 2, 16, 2521
Result (x y micro-second), 16, 4, 2069
Result (x y micro-second), 1, 512, 3483
Result (x y micro-second), 64, 512, 1696
Result (x y micro-second), 1, 16, 3433
Result (x y micro-second), 16, 2, 1936
Result (x y micro-second), 1, 4, 5524
Result (x y micro-second), 8, 64, 2217
Result (x y micro-second), 512, 16, 1550
Result (x y micro-second), 1, 8, 3954
Result (x y micro-second), 512, 64, 1503
Result (x y micro-second), 4, 128, 2022
Result (x y micro-second), 128, 2, 1945
Result (x y micro-second), 8, 128, 2122
Result (x y micro-second), 32, 64, 1709
Result (x y micro-second), 128, 256, 1554
Result (x y micro-second), 1, 4, 5286
Result (x y micro-second), 4, 4, 2481
Result (x y micro-second), 8, 512, 1807
Result (x y micro-second), 16, 64, 2018
Result (x y micro-second), 8, 256, 1712
Result (x y micro-second), 512, 64, 1537
Result (x y micro-second), 1, 4, 5325
Result (x y micro-second), 16, 2, 2005
Result (x y micro-second), 256, 16, 1667
Result (x y micro-second), 64, 128, 1747
Result (x y micro-second), 8, 1, 3343
